{
  "version": 1,
  "author": "Jaime Antonio Alvarez Crisóstomo",
  "editor": "wokwi",
  "parts": [
    {
      "type": "board-pi-pico-w",
      "id": "pico",
      "top": 0,
      "left": 0,
      "attrs": { "env": "micropython-20241129-v1.24.1" }
    },
    {
      "type": "board-ssd1306",
      "id": "oled1",
      "top": 3.14,
      "left": -114.97,
      "attrs": { "i2cAddress": "0x3c" }
    }
  ],
  "connections": [
    [ "oled1:SDA", "pico:GP0", "green", [ "v-28.8", "h48.07" ] ],
    [ "oled1:SCL", "pico:GP1", "green", [ "v-38.4", "h57.9" ] ],
    [ "oled1:VCC", "pico:3V3", "red", [ "v-19.2", "h144.15" ] ],
    [ "oled1:GND", "pico:GND.8", "black", [ "v-9.6", "h153.6" ] ]
  ],
  "dependencies": {}
}